timestamp,eye_open,perclos,mar,head_tilt,head_nod,status
1769707840.0121148,8.16,0.0,0.23,1,0,WARNING
1769707840.0783143,7.4,0.0,0.23,1,0,WARNING
1769707840.085744,7.26,0.0,0.23,1,0,WARNING
1769707840.1145895,7.15,0.0,0.23,1,0,WARNING
1769707840.1591778,7.33,0.0,0.23,1,0,WARNING
1769707840.1791987,7.24,0.0,0.23,1,0,WARNING
1769707840.2108107,7.01,0.0,0.23,1,0,WARNING
1769707840.2411377,6.38,0.0,0.23,1,0,WARNING
1769707840.2851965,6.1,0.0,0.23,1,0,WARNING
1769707840.3023307,6.7,0.0,0.23,1,0,WARNING
1769707840.3383718,6.96,0.0,0.23,1,0,WARNING
1769707840.40276,7.32,0.0,0.23,1,0,WARNING
1769707840.416784,7.31,0.0,0.23,1,0,WARNING
1769707840.4493432,7.43,0.0,0.23,1,0,WARNING
1769707840.4922237,7.41,0.0,0.23,1,0,WARNING
1769707840.5113523,7.44,0.0,0.23,1,0,WARNING
1769707840.5443888,7.5,0.0,0.23,1,0,WARNING
1769707840.5770242,7.78,0.0,0.23,1,0,WARNING
1769707840.6226308,7.75,0.0,0.23,1,0,WARNING
1769707840.6404264,7.83,0.0,0.23,1,0,WARNING
1769707840.6710472,7.87,0.0,0.23,1,0,WARNING
1769707840.709997,7.99,0.0,0.23,1,0,WARNING
1769707840.7489865,7.83,0.0,0.23,1,0,WARNING
1769707840.79338,8.03,0.0,0.23,1,0,WARNING
1769707840.8248374,8.09,0.0,0.23,1,0,WARNING
1769707840.8579063,8.22,0.0,0.23,1,0,WARNING
1769707840.8881516,8.2,0.0,0.23,1,0,WARNING
1769707840.9159648,8.34,0.0,0.23,1,0,WARNING
1769707840.9502478,8.59,0.0,0.23,1,0,WARNING
1769707840.9768555,8.42,0.0,0.23,1,0,WARNING
1769707841.0097675,8.33,0.0,0.23,1,0,WARNING
1769707841.0520954,8.33,0.0,0.23,1,0,WARNING
1769707841.0786562,8.34,0.0,0.23,1,0,WARNING
1769707841.14585,8.49,0.0,0.23,1,0,WARNING
1769707841.1635609,8.38,0.0,0.23,1,0,WARNING
1769707841.183034,8.66,0.0,0.23,1,0,WARNING
1769707841.2239711,8.52,0.0,0.23,1,0,WARNING
1769707841.245863,8.59,0.0,0.23,1,0,WARNING
1769707841.2808003,8.54,0.0,0.23,1,0,WARNING
1769707841.3183753,8.48,0.0,0.23,1,0,WARNING
1769707841.352618,8.54,0.0,0.23,1,0,WARNING
1769707841.3768692,8.58,0.0,0.23,1,0,WARNING
1769707841.421234,8.56,0.0,0.23,1,0,WARNING
1769707841.4386475,8.55,0.0,0.23,1,0,WARNING
1769707841.4975386,8.68,0.0,0.23,1,0,WARNING
1769707841.5278294,8.23,0.0,0.23,1,0,WARNING
1769707841.5583115,8.69,0.0,0.23,1,0,WARNING
1769707841.5930269,8.57,0.0,0.23,1,0,WARNING
1769707841.6158214,8.67,0.0,0.23,1,0,WARNING
1769707841.6467957,8.61,0.0,0.23,1,0,WARNING
1769707841.681604,8.43,0.0,0.23,1,0,WARNING
1769707841.7109425,8.6,0.0,0.23,1,0,WARNING
1769707841.7466059,8.66,0.0,0.23,1,0,WARNING
1769707841.7748137,8.56,0.0,0.23,1,0,WARNING
1769707841.8154025,8.62,0.0,0.23,1,0,WARNING
1769707841.8593616,8.64,0.0,0.23,1,0,WARNING
1769707841.8872962,8.69,0.0,0.23,1,0,WARNING
1769707841.9205527,8.63,0.0,0.23,1,0,WARNING
1769707841.9594107,8.49,0.0,0.23,1,0,WARNING
1769707841.9821522,8.4,0.0,0.23,1,0,WARNING
1769707842.0158436,8.69,0.0,0.23,1,0,WARNING
1769707842.0540242,8.71,0.0,0.23,1,0,WARNING
1769707842.0792787,8.62,0.0,0.23,1,0,WARNING
1769707842.1136591,8.46,0.0,0.23,1,0,WARNING
1769707842.144575,8.29,0.0,0.23,1,0,WARNING
1769707842.1784494,8.5,0.0,0.23,1,0,WARNING
1769707842.2241223,8.46,0.0,0.23,1,0,WARNING
1769707842.2570794,8.3,0.0,0.23,1,0,WARNING
1769707842.2955754,8.44,0.0,0.23,1,0,WARNING
1769707842.3310127,8.51,0.0,0.23,1,0,WARNING
1769707842.3518026,8.59,0.0,0.23,1,0,WARNING
1769707842.3870714,8.69,0.0,0.23,1,0,WARNING
1769707842.4180114,8.42,0.0,0.23,1,0,WARNING
1769707842.449125,8.52,0.0,0.23,1,0,WARNING
1769707842.47882,8.62,0.0,0.23,1,0,WARNING
1769707842.542233,8.74,0.0,0.23,1,0,WARNING
1769707842.5766912,8.79,0.0,0.23,1,0,WARNING
1769707842.6476915,8.69,0.0,0.23,1,0,WARNING
1769707842.6618233,8.72,0.0,0.23,1,0,WARNING
1769707842.6912131,8.44,0.0,0.23,1,0,WARNING
1769707842.7184103,8.46,0.0,0.23,1,0,WARNING
1769707842.7426805,7.27,0.0,0.23,1,0,WARNING
1769707842.7850418,5.44,0.0,0.23,1,0,WARNING
1769707842.8060672,5.19,0.0,0.23,1,0,WARNING
1769707842.8322337,4.04,0.0,0.23,1,0,WARNING
1769707842.887354,3.51,0.0,0.23,1,0,WARNING
1769707842.9052713,3.68,0.0,0.23,1,0,WARNING
1769707842.9268575,3.33,0.0,0.23,1,0,WARNING
1769707842.9776967,4.34,0.0,0.23,1,0,WARNING
1769707843.0316796,3.18,0.0,0.23,1,0,WARNING
1769707843.04326,3.21,0.0,0.23,1,0,WARNING
1769707843.0965033,3.76,0.0,0.23,1,0,WARNING
1769707843.1396618,5.54,0.0,0.23,1,0,WARNING
1769707843.1561897,5.33,0.0,0.23,1,0,WARNING
1769707843.1834562,6.65,0.0,0.23,1,0,WARNING
1769707843.2054012,6.66,0.0,0.23,1,0,WARNING
1769707843.237855,7.76,0.0,0.23,1,0,WARNING
1769707843.2884731,8.0,0.0,0.23,1,0,WARNING
1769707843.301499,8.28,0.0,0.23,1,0,WARNING
1769707843.328717,8.05,0.0,0.23,1,0,WARNING
1769707843.3748817,7.79,0.0,0.23,1,0,WARNING
1769707843.426386,7.88,0.0,0.23,1,0,WARNING
1769707843.4446518,7.93,0.0,0.23,1,0,WARNING
1769707843.469564,7.99,0.0,0.23,1,0,WARNING
1769707843.536397,8.03,0.0,0.23,1,0,WARNING
1769707843.5547695,8.13,0.0,0.23,1,0,WARNING
1769707843.589038,8.06,0.0,0.23,1,0,WARNING
1769707843.6057715,8.18,0.0,0.23,1,0,WARNING
1769707843.629929,8.39,0.0,0.23,1,0,WARNING
1769707843.6812544,8.24,0.0,0.23,1,0,WARNING
1769707843.7014923,8.22,0.0,0.23,1,0,WARNING
1769707843.7266421,8.16,0.0,0.23,1,0,WARNING
1769707843.7742994,8.27,0.0,0.23,1,0,WARNING
1769707843.8219497,8.09,0.0,0.23,1,0,WARNING
1769707843.8393598,8.08,0.0,0.23,1,0,WARNING
1769707843.8716352,8.18,0.0,0.23,1,0,WARNING
1769707843.9251835,7.97,0.0,0.23,1,0,WARNING
1769707843.946229,8.0,0.0,0.23,1,0,WARNING
1769707843.9656973,8.05,0.0,0.23,1,0,WARNING
1769707844.0299616,8.01,0.0,0.23,1,0,WARNING
1769707844.0481162,8.07,0.0,0.23,1,0,WARNING
1769707844.077761,8.08,0.0,0.23,1,0,WARNING
1769707844.0956466,8.13,0.0,0.23,1,0,WARNING
1769707844.126132,7.9,0.0,0.23,1,0,WARNING
1769707844.1807733,8.04,0.0,0.23,1,0,WARNING
1769707844.2243056,3.97,0.0,0.23,1,0,WARNING
1769707844.2475307,4.22,0.0,0.23,1,0,WARNING
1769707844.2763338,2.04,0.02,0.23,1,0,DROWSY
1769707845.3095841,4.63,0.02,0.23,1,0,WARNING
1769707845.3312414,5.19,0.02,0.23,1,0,WARNING
1769707845.3471882,7.17,0.02,0.23,1,0,WARNING
1769707845.3682876,8.13,0.02,0.23,1,0,WARNING
1769707845.3801727,8.18,0.02,0.23,1,0,WARNING
1769707845.4029152,8.31,0.02,0.23,1,0,WARNING
1769707845.4277909,8.3,0.02,0.23,1,0,WARNING
1769707845.4398198,8.26,0.02,0.23,1,0,WARNING
1769707845.477969,8.31,0.02,0.23,1,0,WARNING
1769707845.527897,8.22,0.02,0.23,1,0,WARNING
1769707845.5479455,8.29,0.02,0.23,1,0,WARNING
1769707845.5768898,8.24,0.02,0.23,1,0,WARNING
1769707845.6269712,8.28,0.02,0.23,1,0,WARNING
1769707845.64182,8.27,0.02,0.23,1,0,WARNING
1769707845.6668758,8.42,0.02,0.23,1,0,WARNING
1769707845.7176225,8.52,0.02,0.23,1,0,WARNING
1769707845.7728765,8.52,0.02,0.23,1,0,WARNING
1769707845.7858973,8.48,0.02,0.23,1,0,WARNING
1769707845.8295102,8.61,0.02,0.23,1,0,WARNING
1769707845.9065704,8.35,0.02,0.23,1,0,WARNING
1769707845.9331145,8.4,0.02,0.23,1,0,WARNING
1769707845.9511912,8.48,0.02,0.23,1,0,WARNING
1769707845.9674983,8.34,0.02,0.23,1,0,WARNING
1769707845.9875412,8.25,0.02,0.23,1,0,WARNING
1769707846.0159976,8.14,0.02,0.23,1,0,WARNING
1769707846.034538,8.15,0.02,0.23,1,0,WARNING
1769707846.063604,8.3,0.02,0.23,1,0,WARNING
1769707846.110349,7.67,0.02,0.23,1,0,WARNING
1769707846.1588252,6.19,0.02,0.23,1,0,WARNING
1769707846.1773896,5.81,0.02,0.23,1,0,WARNING
1769707846.2144065,4.08,0.02,0.23,1,0,WARNING
1769707846.2770512,3.71,0.02,0.23,1,0,WARNING
1769707846.294175,3.89,0.02,0.23,1,0,WARNING
1769707846.3214746,2.91,0.03,0.23,1,0,DROWSY
1769707847.3661573,8.18,0.03,0.23,1,0,WARNING
1769707847.3857284,8.08,0.03,0.23,1,0,WARNING
1769707847.4152617,8.26,0.03,0.23,1,0,WARNING
1769707847.4656386,8.61,0.03,0.23,1,0,WARNING
1769707847.4778316,8.52,0.03,0.23,1,0,WARNING
1769707847.5080562,8.6,0.03,0.23,1,0,WARNING
1769707847.564399,8.58,0.03,0.23,1,0,WARNING
1769707847.5761485,8.64,0.03,0.23,1,0,WARNING
1769707847.6049953,8.46,0.03,0.23,1,0,WARNING
1769707847.6674364,8.57,0.03,0.23,1,0,WARNING
1769707847.6857047,8.48,0.03,0.23,1,0,WARNING
1769707847.7142596,8.52,0.03,0.22,1,0,WARNING
1769707847.7645886,8.62,0.03,0.23,1,0,WARNING
1769707847.776306,8.41,0.03,0.23,1,0,WARNING
1769707847.8090441,8.58,0.03,0.23,1,0,WARNING
1769707847.8537474,8.17,0.03,0.23,1,0,WARNING
1769707847.8721728,8.18,0.03,0.23,1,0,WARNING
1769707847.9018939,8.54,0.03,0.23,1,0,WARNING
1769707847.9492738,8.46,0.03,0.23,1,0,WARNING
1769707847.9677982,8.42,0.03,0.23,1,0,WARNING
1769707848.0101905,8.48,0.03,0.23,1,0,WARNING
1769707848.058339,8.44,0.03,0.23,1,0,WARNING
1769707848.0817044,8.58,0.03,0.23,1,0,WARNING
1769707848.1158497,8.48,0.03,0.23,1,0,WARNING
1769707848.1726787,8.69,0.03,0.23,1,0,WARNING
1769707848.1874974,8.59,0.02,0.23,1,0,WARNING
1769707848.2155867,8.57,0.02,0.23,1,0,WARNING
1769707848.2653089,8.56,0.02,0.23,1,0,WARNING
1769707848.284562,8.48,0.02,0.23,1,0,WARNING
1769707848.3096542,8.3,0.02,0.23,1,0,WARNING
1769707848.3566983,8.5,0.02,0.23,1,0,WARNING
1769707848.3737347,8.54,0.02,0.23,1,0,WARNING
1769707848.4109657,8.53,0.02,0.23,1,0,WARNING
1769707848.4517465,8.41,0.02,0.23,1,0,WARNING
1769707848.4698012,8.37,0.02,0.22,1,0,WARNING
1769707848.5011442,8.42,0.02,0.22,1,0,WARNING
1769707848.567139,8.39,0.02,0.34,1,0,WARNING
1769707848.6132517,8.43,0.02,0.35,1,0,WARNING
1769707848.6276283,8.49,0.02,0.35,1,0,WARNING
1769707848.6553037,8.4,0.02,0.34,1,0,WARNING
1769707848.6737983,8.36,0.02,0.34,1,0,WARNING
1769707848.7134178,8.25,0.02,0.33,1,0,WARNING
1769707848.7509367,8.21,0.02,0.32,1,0,WARNING
1769707848.7719238,8.08,0.02,0.31,1,0,WARNING
1769707848.7992322,8.17,0.02,0.42,1,0,WARNING
1769707848.8499384,8.26,0.02,0.42,1,0,WARNING
1769707848.875573,8.02,0.02,0.42,1,0,WARNING
1769707848.895199,8.24,0.02,0.49,1,0,WARNING
1769707848.9456754,8.25,0.02,0.54,1,0,WARNING
1769707849.0211508,8.17,0.02,0.6,1,0,WARNING
1769707849.0276515,8.24,0.02,0.59,1,0,WARNING
1769707849.0576394,8.18,0.02,0.64,1,0,WARNING
1769707849.0761485,7.79,0.02,0.63,1,0,WARNING
1769707849.1053352,8.4,0.02,0.64,1,0,WARNING
1769707849.1532972,7.89,0.02,0.72,1,0,WARNING
1769707849.1766016,7.83,0.02,0.72,1,0,WARNING
1769707849.208382,7.87,0.02,0.69,1,0,WARNING
1769707849.2569036,7.6,0.02,0.7,1,0,WARNING
1769707849.2777836,7.58,0.02,0.69,1,0,WARNING
1769707849.2970426,7.89,0.0,0.71,1,0,WARNING
1769707849.3469968,7.53,0.0,0.76,1,0,WARNING
1769707849.3930142,7.29,0.0,0.73,1,0,WARNING
1769707849.411581,7.58,0.0,0.74,1,0,WARNING
1769707849.4562154,7.19,0.0,0.72,1,0,WARNING
1769707849.503954,7.14,0.0,0.73,1,0,WARNING
1769707849.5235233,7.35,0.0,0.74,1,0,WARNING
1769707849.5524282,7.13,0.0,0.73,1,0,WARNING
1769707849.5713747,7.42,0.0,0.72,1,0,WARNING
1769707849.600877,7.09,0.0,0.7,1,0,WARNING
1769707849.6486843,6.96,0.0,0.74,1,0,WARNING
1769707849.667381,6.92,0.0,0.75,1,0,WARNING
1769707849.703847,7.16,0.0,0.78,1,0,WARNING
1769707849.7436426,7.32,0.0,0.82,1,0,WARNING
1769707849.7954972,6.96,0.0,0.81,1,0,WARNING
1769707849.8129473,6.97,0.0,0.8,1,0,WARNING
1769707849.8389232,6.81,0.0,0.82,1,0,WARNING
1769707849.9055743,6.86,0.0,0.8,1,0,WARNING
1769707849.924029,7.15,0.0,0.81,1,0,WARNING
1769707849.9529033,6.87,0.0,0.84,1,0,WARNING
1769707849.9764369,6.96,0.0,0.85,1,0,WARNING
1769707850.0105643,6.79,0.0,0.86,1,0,WARNING
1769707850.0535598,7.09,0.0,0.89,1,0,WARNING
1769707850.0658607,7.18,0.0,0.87,1,0,WARNING
1769707850.0972283,7.21,0.0,0.9,1,0,WARNING
1769707850.1430295,7.23,0.0,0.92,1,0,WARNING
1769707850.193734,7.28,0.0,0.91,1,0,WARNING
1769707850.2127695,7.19,0.0,0.92,1,0,WARNING
1769707850.2416737,7.02,0.0,0.9,1,0,WARNING
1769707850.2927382,7.24,0.0,0.92,1,0,WARNING
1769707850.305294,7.22,0.0,0.94,1,0,WARNING
1769707850.3500078,7.49,0.0,0.9,1,0,WARNING
1769707850.3986394,7.32,0.0,0.89,1,0,WARNING
1769707850.4162807,7.47,0.0,0.9,1,0,WARNING
1769707850.4460542,7.29,0.0,0.92,1,0,WARNING
1769707850.4651432,7.4,0.0,0.94,1,0,WARNING
1769707850.4948184,7.07,0.0,0.9,1,0,WARNING
1769707850.5415587,7.3,0.0,0.92,1,0,WARNING
1769707850.59392,6.93,0.0,0.89,1,0,WARNING
1769707850.614177,6.96,0.0,0.9,1,0,WARNING
1769707850.6386566,6.91,0.0,0.87,1,0,WARNING
1769707850.694074,6.71,0.0,0.86,1,0,WARNING
1769707850.7135656,6.93,0.0,0.88,1,0,WARNING
1769707850.7342145,6.87,0.0,0.88,1,0,WARNING
1769707850.7824442,6.87,0.0,0.87,1,0,WARNING
1769707850.8055692,6.9,0.0,0.86,1,0,WARNING
1769707850.8464718,6.85,0.0,0.86,1,0,WARNING
1769707850.9008672,6.66,0.0,0.86,1,0,WARNING
1769707850.917747,6.66,0.0,0.87,1,0,WARNING
1769707850.943465,6.74,0.0,0.84,1,0,WARNING
1769707850.9943576,6.77,0.0,0.83,1,0,WARNING
1769707851.00866,6.78,0.0,0.84,1,0,WARNING
1769707851.040271,6.75,0.0,0.85,1,0,WARNING
1769707851.0858843,6.9,0.0,0.82,1,0,WARNING
1769707851.1037478,6.88,0.0,0.83,1,0,WARNING
1769707851.139379,7.0,0.0,0.83,1,0,WARNING
1769707851.1834111,7.04,0.0,0.87,1,0,WARNING
1769707851.1971316,7.07,0.0,0.87,1,0,WARNING
1769707851.241913,7.05,0.0,0.84,1,0,WARNING
1769707851.2971895,6.94,0.0,0.85,1,0,WARNING
1769707851.3161314,6.92,0.0,0.84,1,0,WARNING
1769707851.3521435,5.36,0.0,0.84,1,0,WARNING
1769707851.3950343,3.4,0.0,0.83,1,0,WARNING
1769707851.4138503,4.02,0.0,0.84,1,0,WARNING
1769707851.441299,4.81,0.0,0.82,1,0,WARNING
1769707851.4926105,5.52,0.0,0.7,1,0,WARNING
1769707851.5090797,5.28,0.0,0.7,1,0,WARNING
1769707851.5375547,6.72,0.0,0.56,1,0,WARNING
1769707851.5864108,6.92,0.0,0.44,1,0,WARNING
1769707851.6061046,6.86,0.0,0.47,1,0,WARNING
1769707851.6290932,6.99,0.0,0.42,1,0,WARNING
1769707851.6813095,6.98,0.0,0.4,1,0,WARNING
1769707851.6984134,7.07,0.0,0.4,1,0,WARNING
1769707851.7465782,7.37,0.0,0.35,1,0,WARNING
1769707851.7964761,7.39,0.0,0.3,1,0,WARNING
1769707851.8135004,7.25,0.0,0.3,1,0,WARNING
1769707851.8435647,7.44,0.0,0.29,1,0,WARNING
1769707851.889393,7.34,0.0,0.29,1,0,WARNING
1769707851.90522,7.39,0.0,0.29,1,0,WARNING
1769707851.9362903,7.43,0.0,0.28,1,0,WARNING
1769707851.996757,7.37,0.0,0.26,1,0,WARNING
1769707852.0016432,7.34,0.0,0.25,1,0,WARNING
1769707852.0360796,7.36,0.0,0.24,1,0,WARNING
1769707852.0844555,7.64,0.0,0.23,1,0,WARNING
1769707852.0987918,7.67,0.0,0.23,1,0,WARNING
1769707852.1292305,7.59,0.0,0.23,1,0,WARNING
1769707852.2017753,7.71,0.0,0.22,1,0,WARNING
1769707852.2402291,7.72,0.0,0.23,1,0,WARNING
1769707852.26071,7.72,0.0,0.23,1,0,WARNING
1769707852.288385,7.39,0.0,0.23,1,0,WARNING
1769707852.3097625,7.43,0.0,0.23,1,0,WARNING
1769707852.3372672,6.48,0.0,0.22,1,0,WARNING
1769707852.3871186,4.88,0.0,0.22,1,0,WARNING
1769707852.405066,5.2,0.0,0.22,1,0,WARNING
1769707852.4332273,5.77,0.0,0.23,1,0,WARNING
1769707852.4811068,6.99,0.0,0.22,1,0,WARNING
1769707852.499139,7.08,0.0,0.22,1,0,WARNING
1769707852.529736,7.42,0.0,0.23,1,0,WARNING
1769707852.5877025,7.63,0.0,0.23,1,0,WARNING
1769707852.6408436,7.64,0.0,0.23,1,0,WARNING
1769707852.6843271,7.65,0.0,0.23,1,0,WARNING
1769707852.7015142,7.68,0.0,0.23,1,0,WARNING
1769707852.7207215,7.7,0.0,0.23,1,0,WARNING
1769707852.748949,7.68,0.0,0.23,1,0,WARNING
1769707852.7910903,7.68,0.0,0.23,1,0,WARNING
1769707852.8118293,7.82,0.0,0.23,1,0,WARNING
1769707852.8334568,7.91,0.0,0.23,1,0,WARNING
1769707852.8816948,8.02,0.0,0.23,1,0,WARNING
1769707852.9006162,8.08,0.0,0.23,1,0,WARNING
1769707852.9459152,7.91,0.0,0.23,1,0,WARNING
1769707852.9767919,7.84,0.0,0.23,1,0,WARNING
1769707853.0267081,7.98,0.0,0.22,1,0,WARNING
1769707853.0452936,8.06,0.0,0.23,1,0,WARNING
1769707853.0999599,7.9,0.0,0.38,1,0,WARNING
1769707853.1360795,7.69,0.0,0.45,1,0,WARNING
1769707853.1535645,7.72,0.0,0.46,1,0,WARNING
1769707853.1861253,7.48,0.0,0.49,1,0,WARNING
1769707853.2045639,7.71,0.0,0.48,1,0,WARNING
1769707853.2323794,7.56,0.0,0.51,1,0,WARNING
1769707853.2821372,7.44,0.0,0.52,1,0,WARNING
1769707853.3003023,7.47,0.0,0.5,1,0,WARNING
1769707853.3295922,7.34,0.0,0.52,1,0,WARNING
1769707853.3787131,7.68,0.0,0.52,1,0,WARNING
1769707853.4241476,7.45,0.0,0.56,1,0,WARNING
1769707853.4477637,7.51,0.0,0.56,1,0,WARNING
1769707853.4734385,7.33,0.0,0.57,1,0,WARNING
1769707853.536588,7.22,0.0,0.64,1,0,WARNING
1769707853.5547757,7.22,0.0,0.64,1,0,WARNING
1769707853.5860903,7.3,0.0,0.66,1,0,WARNING
1769707853.6049564,7.19,0.0,0.66,1,0,WARNING
1769707853.6409385,7.38,0.0,0.68,1,0,WARNING
1769707853.6815436,7.53,0.0,0.72,1,0,WARNING
1769707853.7015069,7.49,0.0,0.72,1,0,WARNING
1769707853.7284224,7.58,0.0,0.78,1,0,WARNING
1769707853.7736707,7.36,0.0,0.8,1,0,WARNING
1769707853.8250563,7.24,0.0,0.84,1,0,WARNING
1769707853.843851,7.45,0.0,0.84,1,0,WARNING
1769707853.8738668,7.22,0.0,0.84,1,0,WARNING
1769707853.9222312,7.0,0.0,0.82,1,0,WARNING
1769707853.9418514,6.83,0.0,0.84,1,0,WARNING
1769707853.9691634,6.76,0.0,0.87,1,0,WARNING
1769707854.0335195,6.09,0.0,0.84,1,0,WARNING
1769707854.0520692,6.54,0.0,0.86,1,0,WARNING
1769707854.0817535,6.06,0.0,0.87,1,0,WARNING
1769707854.1094213,6.34,0.0,0.86,1,0,WARNING
1769707854.1286068,5.88,0.0,0.83,1,0,WARNING
1769707854.1754386,5.15,0.0,0.8,1,0,WARNING
1769707854.2253428,5.4,0.0,0.79,1,0,WARNING
1769707854.2519288,4.94,0.0,0.8,1,0,WARNING
1769707854.2689087,4.34,0.0,0.8,1,0,WARNING
1769707854.3174381,4.26,0.0,0.83,1,0,WARNING
1769707854.338086,3.86,0.0,0.82,1,0,WARNING
1769707854.3691003,4.02,0.0,0.84,1,0,WARNING
1769707854.4219549,3.55,0.0,0.84,1,0,WARNING
1769707854.43196,4.06,0.0,0.82,1,0,WARNING
1769707854.4801633,3.82,0.0,0.85,1,0,WARNING
1769707854.5337555,3.99,0.0,0.83,1,0,WARNING
1769707854.5579033,4.27,0.0,0.83,1,0,WARNING
1769707854.5768354,4.6,0.0,0.83,1,0,WARNING
1769707854.623792,4.74,0.0,0.83,1,0,WARNING
1769707854.66722,4.41,0.0,0.84,1,0,WARNING
1769707854.6888294,4.3,0.0,0.85,1,0,WARNING
1769707854.7192545,4.23,0.0,0.85,1,0,WARNING
1769707854.7390094,4.01,0.0,0.85,1,0,WARNING
1769707854.7701864,3.99,0.0,0.84,1,0,WARNING
1769707854.827865,4.4,0.0,0.82,1,0,WARNING
1769707854.836878,3.98,0.0,0.84,1,0,WARNING
1769707854.8658216,3.96,0.0,0.82,1,0,WARNING
1769707854.9322374,4.25,0.0,0.85,1,0,WARNING
1769707854.9485755,4.06,0.0,0.85,1,0,WARNING
1769707854.9793608,4.15,0.0,0.85,1,0,WARNING
1769707855.0262134,4.23,0.0,0.88,1,0,WARNING
1769707855.0448384,4.4,0.0,0.88,1,0,WARNING
1769707855.0722706,4.35,0.0,0.88,1,0,WARNING
1769707855.1211333,4.51,0.0,0.91,1,0,WARNING
1769707855.1400719,4.74,0.0,0.91,1,0,WARNING
1769707855.1752698,4.67,0.0,0.87,1,0,WARNING
1769707855.217725,4.63,0.0,0.9,1,0,WARNING
1769707855.236453,5.0,0.0,0.9,1,0,WARNING
1769707855.2651515,5.19,0.0,0.88,1,0,WARNING
1769707855.3139155,4.36,0.0,0.88,1,0,WARNING
1769707855.3325944,4.49,0.0,0.88,1,0,WARNING
1769707855.3771992,5.15,0.0,0.9,1,0,WARNING
1769707855.4334016,4.95,0.0,0.9,1,0,WARNING
1769707855.4456632,4.23,0.0,0.9,1,0,WARNING
1769707855.4721327,5.13,0.0,0.92,1,0,WARNING
1769707855.5208862,5.02,0.0,0.92,1,0,WARNING
1769707855.543001,4.95,0.0,0.91,1,0,WARNING
1769707855.566875,4.52,0.0,0.92,1,0,WARNING
1769707855.6176698,4.76,0.0,0.92,1,0,WARNING
1769707855.636675,4.78,0.0,0.91,1,0,WARNING
1769707855.667698,4.65,0.0,0.93,1,0,WARNING
1769707855.7110417,4.9,0.0,0.9,1,0,WARNING
1769707855.757386,5.27,0.0,0.87,1,0,WARNING
1769707855.7838194,5.26,0.0,0.88,1,0,WARNING
1769707855.8341637,5.13,0.0,0.88,1,0,WARNING
1769707855.8858492,5.2,0.0,0.86,1,0,WARNING
1769707855.894057,5.37,0.0,0.88,1,0,WARNING
1769707855.921427,5.04,0.0,0.89,1,0,WARNING
1769707855.9511747,5.09,0.0,0.88,1,0,WARNING
1769707855.9691284,5.16,0.0,0.88,1,0,WARNING
1769707856.0175307,4.54,0.0,0.9,1,0,WARNING
1769707856.038118,4.45,0.0,0.91,1,0,WARNING
1769707856.0649943,4.67,0.0,0.89,1,0,WARNING
1769707856.1144602,4.76,0.0,0.92,1,0,WARNING
1769707856.135592,4.47,0.0,0.92,1,0,WARNING
1769707856.1594708,4.88,0.0,0.9,1,0,WARNING
1769707856.2154498,4.75,0.0,0.89,1,0,WARNING
1769707856.2722807,4.74,0.0,0.93,1,0,WARNING
1769707856.289675,4.56,0.0,0.93,1,0,WARNING
1769707856.3270116,4.72,0.0,0.91,1,0,WARNING
1769707856.3414698,4.75,0.0,0.91,1,0,WARNING
1769707856.3682847,4.22,0.0,0.9,1,0,WARNING
1769707856.4261444,4.54,0.0,0.9,1,0,WARNING
1769707856.4337192,4.32,0.0,0.89,1,0,WARNING
1769707856.463933,4.68,0.0,0.91,1,0,WARNING
1769707856.515472,4.92,0.0,0.89,1,0,WARNING
1769707856.5428708,4.68,0.0,0.87,1,0,WARNING
1769707856.569733,4.25,0.0,0.86,1,0,WARNING
1769707856.6095395,4.24,0.0,0.89,1,0,WARNING
1769707856.6567965,4.72,0.0,0.83,1,0,WARNING
1769707856.6746364,4.69,0.0,0.82,1,0,WARNING
1769707856.7226746,4.27,0.0,0.85,1,0,WARNING
1769707856.77233,3.97,0.0,0.86,1,0,WARNING
1769707856.7915206,4.15,0.0,0.84,1,0,WARNING
1769707856.8156607,4.14,0.0,0.86,1,0,WARNING
1769707856.8297951,4.43,0.0,0.86,1,0,WARNING
1769707856.865351,4.38,0.0,0.88,1,0,WARNING
1769707856.9144511,4.64,0.0,0.87,1,0,WARNING
1769707856.9670815,5.21,0.0,0.86,1,0,WARNING
1769707856.977214,4.97,0.0,0.86,1,0,WARNING
1769707857.0123076,5.57,0.0,0.89,1,0,WARNING
1769707857.058197,4.97,0.0,0.91,1,0,WARNING
1769707857.0770624,4.78,0.0,0.88,1,0,WARNING
1769707857.1137602,4.76,0.0,0.9,1,0,WARNING
1769707857.1527965,4.58,0.0,0.91,1,0,WARNING
1769707857.1693232,4.98,0.0,0.9,1,0,WARNING
1769707857.2245498,4.87,0.0,0.89,1,0,WARNING
1769707857.2649975,4.96,0.0,0.81,1,0,WARNING
1769707857.282328,5.02,0.0,0.8,1,0,WARNING
1769707857.313421,5.61,0.0,0.65,1,0,WARNING
1769707857.3611934,5.98,0.0,0.52,1,0,WARNING
1769707857.3798501,5.78,0.0,0.53,1,0,WARNING
1769707857.412968,5.98,0.0,0.4,1,0,WARNING
1769707857.4647903,5.66,0.0,0.35,1,0,WARNING
1769707857.4769752,6.21,0.0,0.37,1,0,WARNING
1769707857.5104728,5.92,0.0,0.34,1,0,WARNING
1769707857.5534437,6.21,0.0,0.3,1,0,WARNING
1769707857.5711079,6.34,0.0,0.31,1,0,WARNING
1769707857.6003668,6.31,0.0,0.27,1,0,WARNING
1769707857.6656907,6.8,0.0,0.26,1,0,WARNING
1769707857.684587,6.67,0.0,0.26,1,0,WARNING
1769707857.7147539,6.8,0.0,0.26,1,0,WARNING
1769707857.7611127,7.0,0.0,0.25,1,0,WARNING
1769707857.7786121,6.87,0.0,0.26,1,0,WARNING
1769707857.8115184,6.93,0.0,0.24,1,0,WARNING
1769707857.8562279,7.06,0.0,0.23,1,0,WARNING
1769707857.8758528,6.93,0.0,0.24,1,0,WARNING
1769707857.9030597,7.21,0.0,0.23,1,0,WARNING
1769707857.9550192,7.29,0.0,0.22,1,0,WARNING
1769707857.966463,7.19,0.0,0.22,1,0,WARNING
1769707858.00087,7.32,0.0,0.23,1,0,WARNING
1769707858.061902,7.51,0.0,0.23,1,0,WARNING
1769707858.0669875,7.54,0.0,0.23,1,0,WARNING
1769707858.1136143,7.72,0.0,0.23,1,0,WARNING
1769707858.1629152,7.69,0.0,0.23,1,0,WARNING
1769707858.179256,7.65,0.0,0.23,1,0,WARNING
1769707858.2127793,7.41,0.0,0.23,1,0,WARNING
1769707858.2569284,7.37,0.0,0.23,1,0,WARNING
1769707858.278812,7.43,0.0,0.23,1,0,WARNING
1769707858.3038175,7.3,0.0,0.23,1,0,WARNING
1769707858.3611264,7.29,0.0,0.23,1,0,WARNING
1769707858.3710709,7.36,0.0,0.23,1,0,WARNING
1769707858.404744,7.39,0.0,0.22,1,0,WARNING
1769707858.4472384,7.32,0.0,0.23,1,0,WARNING
1769707858.4654953,7.31,0.0,0.23,1,0,WARNING
1769707858.4980128,6.39,0.0,0.23,1,0,WARNING
1769707858.5584593,4.59,0.0,0.23,1,0,WARNING
1769707858.6079073,4.62,0.0,0.23,1,0,WARNING
1769707858.6257875,4.52,0.0,0.23,1,0,WARNING
1769707858.6556425,6.11,0.0,0.23,1,0,WARNING
1769707858.6729875,6.13,0.0,0.23,1,0,WARNING
1769707858.703253,6.61,0.0,0.23,1,0,WARNING
1769707858.748437,7.02,0.0,0.23,1,0,WARNING
1769707858.7709062,6.92,0.0,0.23,1,0,WARNING
1769707858.7986834,7.09,0.0,0.23,1,0,WARNING
1769707858.85265,7.43,0.0,0.23,1,0,WARNING
1769707858.867474,7.42,0.0,0.23,1,0,WARNING
1769707858.8944333,7.68,0.0,0.23,1,0,WARNING
1769707858.9438684,7.72,0.0,0.23,1,0,WARNING
1769707859.0058944,7.58,0.0,0.23,1,0,WARNING
1769707859.0185392,7.65,0.0,0.23,1,0,WARNING
1769707859.0557568,7.37,0.0,0.23,1,0,WARNING
1769707859.0804117,7.51,0.0,0.23,1,0,WARNING
1769707859.1014247,7.0,0.0,0.23,1,0,WARNING
1769707859.1508906,5.75,0.0,0.23,1,0,WARNING
1769707859.1761966,5.66,0.0,0.23,1,0,WARNING
1769707859.2017612,6.18,0.0,0.23,1,0,WARNING
1769707859.2500677,6.78,0.0,0.23,1,0,WARNING
1769707859.2715247,6.85,0.0,0.23,1,0,WARNING
1769707859.2975812,7.24,0.0,0.23,1,0,WARNING
1769707859.352697,7.51,0.0,0.23,1,0,WARNING
1769707859.392338,8.03,0.0,0.23,1,0,WARNING
1769707859.4123576,8.02,0.0,0.23,1,0,WARNING
1769707859.4573479,8.08,0.0,0.23,1,0,WARNING
1769707859.5046234,8.21,0.0,0.23,1,0,WARNING
1769707859.5232046,8.08,0.0,0.23,1,0,WARNING
1769707859.554907,8.2,0.0,0.23,1,0,WARNING
1769707859.5728085,8.22,0.0,0.23,1,0,WARNING
1769707859.599455,8.2,0.0,0.23,1,0,WARNING
1769707859.6496139,8.63,0.0,0.23,1,0,WARNING
1769707859.6802928,8.51,0.0,0.23,1,0,WARNING
1769707859.6954827,8.5,0.0,0.23,1,0,WARNING
1769707859.7460992,8.57,0.0,0.23,1,0,WARNING
1769707859.7991118,8.76,0.0,0.23,1,0,WARNING
1769707859.8181274,8.7,0.0,0.23,1,0,WARNING
1769707859.8406389,8.73,0.0,0.23,1,0,WARNING
1769707859.9031477,8.62,0.0,0.23,1,0,WARNING
1769707859.9212608,8.77,0.0,0.23,1,0,WARNING
1769707859.9624226,8.61,0.0,0.23,1,0,WARNING
1769707859.9726224,8.67,0.0,0.23,1,0,WARNING
1769707860.0004358,7.95,0.0,0.23,1,0,WARNING
1769707860.0519447,6.43,0.0,0.23,1,0,WARNING
1769707860.069876,6.46,0.0,0.23,1,0,WARNING
1769707860.0980957,4.92,0.0,0.23,1,0,WARNING
1769707860.1466465,5.11,0.0,0.23,1,0,WARNING
1769707860.1993926,5.99,0.0,0.32,1,0,WARNING
1769707860.2198808,6.08,0.0,0.32,1,0,WARNING
1769707860.243652,6.52,0.0,0.3,1,0,WARNING
1769707860.2894106,6.33,0.0,0.42,1,0,WARNING
1769707860.3193095,6.27,0.0,0.41,1,0,WARNING
1769707860.3363025,6.37,0.0,0.44,1,0,WARNING
1769707860.4027886,6.27,0.0,0.55,1,0,WARNING
1769707860.4192724,6.39,0.0,0.56,1,0,WARNING
1769707860.4485593,6.33,0.0,0.63,1,0,WARNING
1769707860.4669816,6.45,0.0,0.61,1,0,WARNING
1769707860.499288,6.49,0.0,0.7,1,0,WARNING
1769707860.5448873,6.13,0.0,0.75,1,0,WARNING
1769707860.5929751,6.1,0.0,0.77,1,0,WARNING
1769707860.6102655,5.91,0.0,0.79,1,0,WARNING
1769707860.651794,5.78,0.0,0.81,1,0,WARNING
1769707860.6905646,5.55,0.0,0.78,1,0,WARNING
1769707860.7083902,5.62,0.0,0.78,1,0,WARNING
1769707860.7335293,5.26,0.0,0.79,1,0,WARNING
1769707860.7863238,6.11,0.0,0.84,1,0,WARNING
1769707860.8023942,6.13,0.0,0.84,1,0,WARNING
1769707860.854587,6.26,0.0,0.88,1,0,WARNING
1769707860.897486,5.96,0.0,0.85,1,0,WARNING
1769707860.92128,5.93,0.0,0.84,1,0,WARNING
1769707860.9443157,5.35,0.0,0.83,1,0,WARNING
1769707860.9940026,5.63,0.0,0.8,1,0,WARNING
1769707861.0217228,5.91,0.0,0.79,1,0,WARNING
1769707861.0418766,5.62,0.0,0.79,1,0,WARNING
1769707861.08753,5.8,0.0,0.78,1,0,WARNING
1769707861.1051974,6.21,0.0,0.79,1,0,WARNING
1769707861.143372,5.98,0.0,0.77,1,0,WARNING
1769707861.1841657,5.92,0.0,0.8,1,0,WARNING
1769707861.202924,5.98,0.0,0.79,1,0,WARNING
1769707861.2323039,5.9,0.0,0.76,1,0,WARNING
1769707861.2956898,5.98,0.0,0.79,1,0,WARNING
1769707861.314518,5.76,0.0,0.8,1,0,WARNING
1769707861.3448966,5.97,0.0,0.8,1,0,WARNING
1769707861.3918707,6.19,0.0,0.81,1,0,WARNING
1769707861.4105272,6.47,0.0,0.81,1,0,WARNING
1769707861.4394202,5.73,0.0,0.83,1,0,WARNING
1769707861.4869132,6.0,0.0,0.82,1,0,WARNING
1769707861.5050955,6.01,0.0,0.81,1,0,WARNING
1769707861.5362873,5.82,0.0,0.82,1,0,WARNING
1769707861.585122,5.95,0.0,0.8,1,0,WARNING
1769707861.602398,5.84,0.0,0.79,1,0,WARNING
1769707861.631733,5.66,0.0,0.78,1,0,WARNING
1769707861.6828964,5.25,0.0,0.75,1,0,WARNING
1769707861.6985357,5.06,0.0,0.74,1,0,WARNING
1769707861.7427778,5.0,0.0,0.72,1,0,WARNING
1769707861.7921112,4.85,0.0,0.72,1,0,WARNING
1769707861.8110201,4.94,0.0,0.72,1,0,WARNING
1769707861.8387606,5.12,0.0,0.72,1,0,WARNING
1769707861.886751,5.22,0.0,0.77,1,0,WARNING
1769707861.905272,5.14,0.0,0.77,1,0,WARNING
1769707861.934344,5.08,0.0,0.75,1,0,WARNING
1769707861.981383,4.91,0.0,0.78,1,0,WARNING
1769707861.9987545,5.14,0.0,0.78,1,0,WARNING
1769707862.0316586,5.28,0.0,0.79,1,0,WARNING
1769707862.0782967,4.88,0.0,0.8,1,0,WARNING
1769707862.097339,4.82,0.0,0.81,1,0,WARNING
1769707862.1267543,5.17,0.0,0.82,1,0,WARNING
1769707862.1904483,5.57,0.0,0.83,1,0,WARNING
1769707862.237827,4.99,0.0,0.82,1,0,WARNING
1769707862.2555192,5.15,0.0,0.83,1,0,WARNING
1769707862.2875566,5.45,0.0,0.85,1,0,WARNING
1769707862.3058474,5.14,0.0,0.83,1,0,WARNING
1769707862.333698,5.28,0.0,0.87,1,0,WARNING
1769707862.3825061,5.17,0.0,0.82,1,0,WARNING
1769707862.4011369,5.48,0.0,0.88,1,0,WARNING
1769707862.4302063,4.6,0.0,0.81,1,0,WARNING
1769707862.4789526,5.42,0.0,0.9,1,0,WARNING
1769707862.4978938,5.14,0.0,0.83,1,0,WARNING
1769707862.5268037,5.34,0.0,0.89,1,0,WARNING
1769707862.5749052,4.87,0.0,0.83,1,0,WARNING
1769707862.6381893,4.98,0.0,0.87,1,0,WARNING
1769707862.6566503,5.03,0.0,0.84,1,0,WARNING
1769707862.6888855,4.9,0.0,0.87,1,0,WARNING
1769707862.707744,4.69,0.0,0.83,1,0,WARNING
1769707862.7346044,5.33,0.0,0.9,1,0,WARNING
1769707862.7826643,4.51,0.0,0.86,1,0,WARNING
1769707862.8009667,4.63,0.0,0.89,1,0,WARNING
1769707862.8320239,4.61,0.0,0.83,1,0,WARNING
1769707862.8841372,5.24,0.0,0.86,1,0,WARNING
1769707862.8981109,5.27,0.0,0.81,1,0,WARNING
1769707862.9272125,5.08,0.0,0.85,1,0,WARNING
1769707862.9814153,4.55,0.0,0.74,1,0,WARNING
1769707863.0333521,4.07,0.0,0.65,1,0,WARNING
1769707863.0454533,4.77,0.0,0.67,1,0,WARNING
1769707863.0880988,5.37,0.0,0.57,1,0,WARNING
1769707863.141802,4.73,0.0,0.55,1,0,WARNING
1769707863.1562624,4.91,0.0,0.53,1,0,WARNING
1769707863.1823587,5.23,0.0,0.43,1,0,WARNING
1769707863.1996956,5.31,0.0,0.44,1,0,WARNING
1769707863.2319047,5.62,0.0,0.4,1,0,WARNING
1769707863.279003,5.23,0.0,0.36,1,0,WARNING
1769707863.2965655,5.02,0.0,0.37,1,0,WARNING
1769707863.328387,5.53,0.0,0.31,1,0,WARNING
1769707863.3777409,6.17,0.0,0.29,1,0,WARNING
1769707863.4287415,6.43,0.0,0.27,1,0,WARNING
1769707863.4433956,6.37,0.0,0.27,1,0,WARNING
1769707863.4761267,6.27,0.0,0.26,1,0,WARNING
1769707863.5289297,5.84,0.0,0.23,1,0,WARNING
1769707863.54064,5.9,0.0,0.24,1,0,WARNING
1769707863.5840695,3.78,0.0,0.23,1,0,WARNING
1769707863.6374326,5.11,0.0,0.23,1,0,WARNING
1769707863.6554954,4.52,0.0,0.22,1,0,WARNING
1769707863.680591,7.06,0.0,0.22,1,0,WARNING
1769707863.6993892,7.09,0.0,0.23,1,0,WARNING
1769707863.729512,5.49,0.0,0.23,1,0,WARNING
1769707863.7751548,3.05,0.0,0.23,1,0,WARNING
1769707863.833971,4.55,0.0,0.23,1,0,WARNING
1769707863.839619,4.92,0.0,0.23,1,0,WARNING
1769707863.878009,4.59,0.0,0.23,1,0,WARNING
1769707863.9211688,3.11,0.0,0.22,1,0,WARNING
1769707863.9488344,3.37,0.0,0.22,1,0,WARNING
1769707863.9679794,5.41,0.0,0.23,1,0,WARNING
1769707864.0319011,6.02,0.0,0.24,1,0,WARNING
1769707864.0565426,6.58,0.0,0.24,1,0,WARNING
1769707864.0813313,6.19,0.0,0.23,1,0,WARNING
1769707864.1028497,5.89,0.0,0.24,1,0,WARNING
1769707864.1322715,6.48,0.0,0.24,1,0,WARNING
1769707864.1812582,7.88,0.0,0.24,1,0,WARNING
1769707864.227082,7.94,0.0,0.24,1,0,WARNING
1769707864.2424204,8.03,0.0,0.24,1,0,WARNING
1769707864.277634,5.92,0.0,0.24,1,0,WARNING
1769707864.3206415,5.04,0.0,0.25,1,0,WARNING
1769707864.347185,5.09,0.0,0.25,1,0,WARNING
1769707864.3675013,5.7,0.0,0.25,1,0,WARNING
1769707864.4176311,6.56,0.0,0.24,1,0,WARNING
1769707864.4326954,6.72,0.0,0.24,1,0,WARNING
1769707864.4814155,6.87,0.0,0.24,1,0,WARNING
1769707864.5354097,5.41,0.0,0.24,1,0,WARNING
1769707864.5483465,6.98,0.0,0.23,1,0,WARNING
1769707864.5789459,6.09,0.0,0.23,1,0,WARNING
1769707864.6317394,7.6,0.0,0.22,1,0,WARNING
1769707864.6428428,7.39,0.0,0.23,1,0,WARNING
1769707864.6717849,7.6,0.0,0.23,1,0,WARNING
1769707864.722168,9.66,0.0,0.23,1,0,WARNING
1769707864.7354372,9.68,0.0,0.23,1,0,WARNING
1769707864.7702405,9.77,0.0,0.23,1,0,WARNING
1769707864.8172133,8.74,0.0,0.23,1,0,WARNING
1769707864.8361583,9.19,0.0,0.23,1,0,WARNING
1769707864.8653316,9.44,0.0,0.23,1,0,WARNING
1769707864.9328647,9.16,0.0,0.23,1,0,WARNING
1769707864.955327,9.04,0.0,0.23,1,0,WARNING
1769707864.9767077,8.45,0.0,0.23,1,0,WARNING
1769707865.0312767,8.05,0.0,0.23,1,0,WARNING
1769707865.0426705,8.21,0.0,0.23,1,0,WARNING
1769707865.0724428,8.39,0.0,0.23,1,0,WARNING
1769707865.1215045,8.16,0.0,0.22,1,0,WARNING
1769707865.1392183,8.1,0.0,0.22,1,0,WARNING
1769707865.1670218,8.02,0.0,0.22,1,0,WARNING
1769707865.21971,7.94,0.0,0.23,1,0,WARNING
1769707865.23528,7.83,0.0,0.23,1,0,WARNING
1769707865.2628298,8.08,0.0,0.23,1,0,WARNING
1769707865.3199692,7.81,0.0,0.23,1,0,WARNING
1769707865.3338308,7.75,0.0,0.22,1,0,WARNING
1769707865.3808074,7.61,0.0,0.22,1,0,WARNING
1769707865.4338276,7.56,0.0,0.23,1,0,WARNING
1769707865.4452884,7.54,0.0,0.23,1,0,WARNING
1769707865.472026,7.8,0.0,0.22,1,0,WARNING
1769707865.5209844,7.64,0.0,0.23,1,0,WARNING
1769707865.5395155,7.71,0.0,0.23,1,0,WARNING
1769707865.5680778,7.55,0.0,0.23,1,0,WARNING
1769707865.6134377,7.65,0.0,0.23,1,0,WARNING
1769707865.62338,7.62,0.0,0.23,1,0,WARNING
1769707865.6701436,7.55,0.0,0.23,1,0,WARNING
1769707865.714367,7.53,0.0,0.23,1,0,WARNING
1769707865.740382,7.47,0.0,0.23,1,0,WARNING
1769707865.7611609,7.45,0.0,0.23,1,0,WARNING
1769707865.8245335,7.39,0.0,0.23,1,0,WARNING
1769707865.874875,7.48,0.0,0.23,1,0,WARNING
1769707865.8979113,7.48,0.0,0.23,1,0,WARNING
1769707865.921191,7.61,0.0,0.23,1,0,WARNING
1769707865.938483,7.59,0.0,0.23,1,0,WARNING
1769707865.9749434,7.53,0.0,0.23,1,0,WARNING
1769707866.0203192,7.64,0.0,0.22,1,0,WARNING
1769707866.0398116,7.6,0.0,0.22,1,0,WARNING
1769707866.0648673,7.56,0.0,0.23,1,0,WARNING
1769707866.1122985,7.71,0.0,0.23,1,0,WARNING
1769707866.1598144,7.63,0.0,0.23,1,0,WARNING
1769707866.1748362,7.66,0.0,0.22,1,0,WARNING
1769707866.204389,7.75,0.0,0.23,1,0,WARNING
1769707866.2715013,7.6,0.0,0.23,1,0,WARNING
1769707866.2904594,7.53,0.0,0.23,1,0,WARNING
1769707866.3239632,7.57,0.0,0.23,1,0,WARNING
1769707866.3383322,7.63,0.0,0.23,1,0,WARNING
1769707866.3690467,7.64,0.0,0.23,1,0,WARNING
1769707866.42332,7.8,0.0,0.23,1,0,WARNING
1769707866.43722,7.77,0.0,0.23,1,0,WARNING
1769707866.4613738,7.62,0.0,0.23,1,0,WARNING
1769707866.5134265,7.51,0.0,0.23,1,0,WARNING
1769707866.56348,7.27,0.0,0.23,1,0,WARNING
1769707866.581707,7.43,0.0,0.23,1,0,WARNING
1769707866.6092908,6.76,0.0,0.23,1,0,WARNING
1769707866.6569855,5.71,0.0,0.23,1,0,WARNING
1769707866.674541,6.11,0.0,0.23,1,0,WARNING
1769707866.7059648,6.26,0.0,0.23,1,0,WARNING
1769707866.7672367,6.91,0.0,0.23,1,0,WARNING
1769707866.7858257,6.61,0.0,0.23,1,0,WARNING
1769707866.8184326,7.1,0.0,0.23,1,0,WARNING
1769707866.8383281,7.13,0.0,0.23,1,0,WARNING
1769707866.8656511,7.38,0.0,0.23,1,0,WARNING
1769707866.9143343,7.63,0.0,0.23,1,0,WARNING
1769707866.9625306,7.6,0.0,0.23,1,0,WARNING
1769707866.9809797,7.61,0.0,0.23,1,0,WARNING
1769707867.00914,7.63,0.0,0.23,1,0,WARNING
1769707867.060711,7.61,0.0,0.23,1,0,WARNING
1769707867.0764415,7.65,0.0,0.23,1,0,WARNING
1769707867.1055613,7.66,0.0,0.23,1,0,WARNING
1769707867.1523998,7.71,0.0,0.23,1,0,WARNING
1769707867.1715584,7.66,0.0,0.23,1,0,WARNING
1769707867.2166567,7.78,0.0,0.23,1,0,WARNING
1769707867.2651184,7.71,0.0,0.23,1,0,WARNING
1769707867.283992,7.16,0.0,0.23,1,0,WARNING
1769707867.314018,7.53,0.0,0.23,1,0,WARNING
1769707867.3681748,7.61,0.0,0.22,1,0,WARNING
1769707867.3791769,7.64,0.0,0.22,1,0,WARNING
1769707867.4144773,8.25,0.0,0.23,1,0,WARNING
1769707867.4631171,8.33,0.0,0.23,1,0,WARNING
1769707867.4762886,8.51,0.0,0.23,1,0,WARNING
1769707867.5077357,8.33,0.0,0.23,1,0,WARNING
1769707867.5530112,8.16,0.0,0.23,1,0,WARNING
1769707867.5717459,7.95,0.0,0.23,1,0,WARNING
1769707867.5997243,7.86,0.0,0.23,1,0,WARNING
1769707867.6628973,7.95,0.0,0.23,1,0,WARNING
1769707867.6807241,8.06,0.0,0.23,1,0,WARNING
1769707867.717255,8.07,0.0,0.23,1,0,WARNING
1769707867.7685597,8.04,0.0,0.23,1,0,WARNING
1769707867.7790253,8.09,0.0,0.23,1,0,WARNING
1769707867.8075957,8.27,0.0,0.23,1,0,WARNING
1769707867.860371,8.62,0.0,0.23,1,0,WARNING
1769707867.8735468,8.94,0.0,0.23,1,0,WARNING
1769707867.9048479,8.58,0.0,0.23,1,0,WARNING
1769707867.9617906,8.13,0.0,0.23,1,0,WARNING
1769707867.9757102,8.22,0.0,0.23,1,0,WARNING
1769707868.0008214,8.86,0.0,0.23,1,0,WARNING
1769707868.0483212,8.73,0.0,0.23,1,0,WARNING
1769707868.0622685,8.46,0.0,0.23,1,0,WARNING
1769707868.122794,8.11,0.0,0.23,1,0,WARNING
1769707868.164479,8.06,0.0,0.23,1,0,WARNING
1769707868.1836507,8.17,0.0,0.23,1,0,WARNING
1769707868.2185366,8.76,0.0,0.23,1,0,WARNING
1769707868.2653768,8.03,0.0,0.23,1,0,WARNING
1769707868.275114,7.98,0.0,0.23,1,0,WARNING
1769707868.3054783,7.76,0.0,0.23,1,0,WARNING
1769707868.349282,7.48,0.0,0.22,1,0,WARNING
1769707868.367921,7.37,0.0,0.23,1,0,WARNING
1769707868.403378,7.39,0.0,0.22,1,0,WARNING
1769707868.4501317,7.38,0.0,0.22,1,0,WARNING
1769707868.4759529,7.44,0.0,0.22,1,0,WARNING
1769707868.495403,7.31,0.0,0.22,1,0,WARNING
1769707868.5700884,7.38,0.0,0.22,1,0,WARNING
1769707868.6106899,7.7,0.0,0.23,1,0,WARNING
1769707868.6363356,7.32,0.0,0.23,1,0,WARNING
1769707868.6603305,7.19,0.0,0.23,1,0,WARNING
1769707868.6746845,7.27,0.0,0.23,1,0,WARNING
1769707868.70256,6.8,0.0,0.23,1,0,WARNING
1769707868.7503445,7.07,0.0,0.23,1,0,WARNING
1769707868.7676666,6.99,0.0,0.23,1,0,WARNING
1769707868.7998304,7.09,0.0,0.23,1,0,WARNING
1769707868.850317,7.12,0.0,0.23,1,0,WARNING
1769707868.8685443,7.06,0.0,0.23,1,0,WARNING
1769707868.913877,7.22,0.0,0.23,1,0,WARNING
1769707868.9435492,7.14,0.0,0.23,1,0,WARNING
1769707869.0047665,7.16,0.0,0.23,1,0,WARNING
1769707869.0222967,7.29,0.0,0.23,1,0,WARNING
1769707869.0533953,7.18,0.0,0.22,1,0,WARNING
1769707869.0730653,7.08,0.0,0.22,1,0,WARNING
1769707869.1052468,7.1,0.0,0.52,1,0,WARNING
1769707869.1539943,6.97,0.0,0.64,1,0,WARNING
1769707869.1790352,7.28,0.0,0.67,1,0,WARNING
1769707869.1994653,7.73,0.0,0.74,1,0,WARNING
1769707869.2488558,7.59,0.0,0.81,1,0,WARNING
1769707869.2731366,7.56,0.0,0.81,1,0,WARNING
1769707869.3082106,7.76,0.0,0.95,1,0,WARNING
1769707869.3566368,7.18,0.0,0.88,1,0,WARNING
1769707869.4029496,6.84,0.0,0.95,1,0,WARNING
1769707869.4129512,7.09,0.0,0.95,1,0,WARNING
1769707869.4537125,6.81,0.0,0.92,1,0,WARNING
1769707869.507385,6.95,0.0,0.95,1,0,WARNING
1769707869.5222392,6.71,0.0,0.97,1,0,WARNING
1769707869.5507905,7.03,0.0,0.91,1,0,WARNING
1769707869.5707858,6.86,0.0,0.92,1,0,WARNING
1769707869.6019013,6.99,0.0,0.92,1,0,WARNING
1769707869.6512103,7.03,0.0,0.93,1,0,WARNING
1769707869.6653864,6.99,0.0,0.9,1,0,WARNING
1769707869.7025433,6.99,0.0,0.91,1,0,WARNING
1769707869.74561,6.91,0.0,0.89,1,0,WARNING
1769707869.7984352,6.67,0.0,0.9,1,0,WARNING
1769707869.8109326,6.65,0.0,0.88,1,0,WARNING
1769707869.8390346,6.74,0.0,0.92,1,0,WARNING
1769707869.8985713,6.67,0.0,0.89,1,0,WARNING
1769707869.9113002,6.72,0.0,0.87,1,0,WARNING
1769707869.953014,6.49,0.0,0.91,1,0,WARNING
1769707870.0100753,6.43,0.0,0.91,1,0,WARNING
1769707870.0239234,6.37,0.0,0.92,1,0,WARNING
1769707870.0473063,6.44,0.0,0.9,1,0,WARNING
1769707870.0660133,6.38,0.0,0.92,1,0,WARNING
1769707870.0960815,6.51,0.0,0.88,1,0,WARNING
1769707870.1464248,6.38,0.0,0.92,1,0,WARNING
1769707870.1942372,6.55,0.0,0.89,1,0,WARNING
1769707870.2224162,6.58,0.0,0.9,1,0,WARNING
1769707870.2486963,6.42,0.0,0.82,1,0,WARNING
1769707870.2926633,6.38,0.0,0.79,1,0,WARNING
1769707870.3125796,6.34,0.0,0.8,1,0,WARNING
1769707870.347069,6.63,0.0,0.76,1,0,WARNING
1769707870.4005573,6.88,0.0,0.68,1,0,WARNING
1769707870.4190276,6.78,0.0,0.68,1,0,WARNING
1769707870.458112,6.09,0.0,0.6,1,0,WARNING
1769707870.4681463,6.27,0.0,0.6,1,0,WARNING
1769707870.49863,5.91,0.0,0.53,1,0,WARNING
1769707870.547696,5.95,0.0,0.39,1,0,WARNING
1769707870.602793,6.33,0.0,0.31,1,0,WARNING
1769707870.611243,5.94,0.0,0.33,1,0,WARNING
1769707870.6427326,6.23,0.0,0.34,1,0,WARNING
1769707870.6883957,6.63,0.0,0.3,1,0,WARNING
1769707870.7076235,6.65,0.0,0.29,1,0,WARNING
1769707870.7363355,6.97,0.0,0.28,1,0,WARNING
1769707870.7851634,7.15,0.0,0.26,1,0,WARNING
1769707870.804673,7.12,0.0,0.27,1,0,WARNING
1769707870.848831,7.32,0.0,0.25,1,0,WARNING
1769707870.9014244,7.3,0.0,0.23,1,0,WARNING
1769707870.9283364,7.32,0.0,0.23,1,0,WARNING
1769707870.9547777,7.49,0.0,0.22,1,0,WARNING
1769707870.9932177,7.42,0.0,0.22,1,0,WARNING
1769707871.0112557,7.4,0.0,0.23,1,0,WARNING
1769707871.0417483,6.84,0.0,0.23,1,0,WARNING
1769707871.0893395,6.65,0.0,0.23,1,0,WARNING
1769707871.1079793,6.67,0.0,0.23,1,0,WARNING
1769707871.1500394,7.27,0.0,0.23,1,0,WARNING
1769707871.1864133,7.86,0.0,0.23,1,0,WARNING
1769707871.2038414,7.46,0.0,0.23,1,0,WARNING
1769707871.2307618,7.83,0.0,0.23,1,0,WARNING
1769707871.3024871,7.5,0.0,0.23,1,0,WARNING
1769707871.3164048,7.13,0.0,0.23,1,0,WARNING
1769707871.3502588,7.57,0.0,0.23,1,0,WARNING
1769707871.3950005,7.68,0.0,0.23,1,0,WARNING
1769707871.4134476,7.64,0.0,0.23,1,0,WARNING
1769707871.440176,7.8,0.0,0.23,1,0,WARNING
1769707871.4931667,7.61,0.0,0.23,1,0,WARNING
1769707871.5076213,7.56,0.0,0.23,1,0,WARNING
1769707871.537538,7.89,0.0,0.23,1,0,WARNING
1769707871.5879128,7.89,0.0,0.23,1,0,WARNING
1769707871.60645,7.76,0.0,0.23,1,0,WARNING
1769707871.6319585,7.69,0.0,0.23,1,0,WARNING
1769707871.6801353,7.19,0.0,0.23,1,0,WARNING
1769707871.708152,7.39,0.0,0.23,1,0,WARNING
1769707871.751435,6.71,0.0,0.23,1,0,WARNING
1769707871.7934597,6.29,0.0,0.23,1,0,WARNING
1769707871.8121808,6.19,0.0,0.23,1,0,WARNING
1769707871.841688,6.72,0.0,0.23,1,0,WARNING
1769707871.885439,7.83,0.0,0.22,1,0,WARNING
1769707871.905068,8.33,0.0,0.23,1,0,WARNING
1769707871.9368973,7.07,0.0,0.23,1,0,WARNING
1769707871.9848902,8.08,0.0,0.23,1,0,WARNING
1769707872.0034752,7.48,0.0,0.23,1,0,WARNING
1769707872.033164,8.3,0.0,0.23,1,0,WARNING
1769707872.0847437,7.11,0.0,0.23,1,0,WARNING
1769707872.1042895,7.03,0.0,0.23,1,0,WARNING
1769707872.1261694,7.26,0.0,0.23,1,0,WARNING
1769707872.2002492,6.93,0.0,0.24,1,0,WARNING
1769707872.2418232,6.18,0.0,0.22,1,0,WARNING
1769707872.2675254,6.64,0.0,0.22,1,0,WARNING
1769707872.288934,5.92,0.0,0.22,1,0,WARNING
1769707872.3066573,5.88,0.0,0.23,1,0,WARNING
1769707872.4820688,7.99,0.0,0.25,1,0,WARNING
1769707872.503542,6.54,0.0,0.23,1,0,WARNING
1769707872.5296104,5.79,0.0,0.23,1,0,WARNING
1769707872.5751896,6.42,0.0,0.23,1,0,WARNING
1769707872.6395764,7.58,0.0,0.24,1,0,WARNING
1769707872.6605482,8.44,0.0,0.22,1,0,WARNING
1769707872.6903229,8.87,0.0,0.23,1,0,WARNING
1769707872.7083523,9.38,0.0,0.23,1,0,WARNING
1769707872.7366836,10.06,0.0,0.23,1,0,WARNING
1769707872.7859223,9.03,0.0,0.23,1,0,WARNING
1769707872.804834,9.07,0.0,0.23,1,0,WARNING
1769707872.8302839,8.92,0.0,0.23,1,0,WARNING
1769707872.881519,8.75,0.0,0.23,1,0,WARNING
1769707872.9075909,8.98,0.0,0.23,1,0,WARNING
1769707872.9333904,8.6,0.0,0.23,1,0,WARNING
1769707872.975579,8.7,0.0,0.23,1,0,WARNING
1769707873.0283952,8.31,0.0,0.23,1,0,WARNING
1769707873.0429556,8.34,0.0,0.23,1,0,WARNING
1769707873.0723717,8.23,0.0,0.22,1,0,WARNING
1769707873.135527,8.23,0.0,0.22,1,0,WARNING
1769707873.1562924,8.24,0.0,0.22,1,0,WARNING
1769707873.182704,8.15,0.0,0.23,1,0,WARNING
1769707873.210577,8.18,0.0,0.22,1,0,WARNING
1769707873.232803,8.19,0.0,0.23,1,0,WARNING
1769707873.284321,8.37,0.0,0.23,1,0,WARNING
1769707873.2997522,8.37,0.0,0.23,1,0,WARNING
1769707873.326874,8.71,0.0,0.23,1,0,WARNING
1769707873.3801622,8.41,0.0,0.23,1,0,WARNING
1769707873.4240103,7.49,0.0,0.23,1,0,WARNING
1769707873.4434223,7.09,0.0,0.23,1,0,WARNING
1769707873.474161,7.7,0.0,0.23,1,0,WARNING
1769707873.5212386,7.2,0.0,0.23,1,0,WARNING
1769707873.5375302,7.53,0.0,0.23,1,0,WARNING
1769707873.5858357,7.72,0.0,0.23,1,0,WARNING
1769707873.6953394,6.77,0.0,0.22,1,0,WARNING
1769707873.7768939,6.82,0.0,0.24,1,0,WARNING
1769707873.823765,5.42,0.0,0.23,1,0,WARNING
1769707873.84094,5.29,0.0,0.22,1,0,WARNING
1769707874.0484307,8.04,0.0,0.23,1,0,WARNING
1769707874.0775068,8.4,0.0,0.23,1,0,WARNING
1769707874.0847423,7.88,0.0,0.23,1,0,WARNING
1769707874.1037796,9.46,0.0,0.23,1,0,WARNING
1769707874.1341655,9.72,0.0,0.23,1,0,WARNING
1769707874.179071,8.76,0.0,0.23,1,0,WARNING
1769707874.2257516,9.46,0.0,0.23,1,0,WARNING
1769707874.2431324,9.69,0.0,0.23,1,0,WARNING
1769707874.270783,9.63,0.0,0.22,1,0,WARNING
1769707874.3213358,9.19,0.0,0.23,1,0,WARNING
1769707874.3393056,9.1,0.0,0.23,1,0,WARNING
1769707874.3679335,9.11,0.0,0.23,1,0,WARNING
1769707874.416054,8.87,0.0,0.23,1,0,WARNING
1769707874.4345317,8.74,0.0,0.23,1,0,WARNING
1769707874.4874203,8.19,0.0,0.23,1,0,WARNING
1769707874.5321445,8.55,0.0,0.23,1,0,WARNING
1769707874.550091,8.41,0.0,0.23,1,0,WARNING
1769707874.5826306,8.55,0.0,0.23,1,0,WARNING
1769707874.628261,8.17,0.0,0.23,1,0,WARNING
1769707874.642606,8.03,0.0,0.23,1,0,WARNING
1769707874.6736345,7.25,0.0,0.23,1,0,WARNING
1769707874.7182908,9.11,0.0,0.23,1,0,WARNING
1769707874.7361653,8.47,0.0,0.23,1,0,WARNING
1769707874.7711465,8.24,0.0,0.23,1,0,WARNING
1769707874.8176482,8.54,0.0,0.22,1,0,WARNING
1769707874.8361275,8.63,0.0,0.23,1,0,WARNING
1769707874.8725598,8.6,0.0,0.23,1,0,WARNING
1769707874.930107,8.12,0.0,0.23,1,0,WARNING
1769707874.9445107,8.32,0.0,0.23,1,0,WARNING
1769707874.9814858,8.93,0.0,0.23,1,0,WARNING
1769707875.0366828,9.5,0.0,0.23,1,0,WARNING
1769707875.0428164,9.59,0.0,0.23,1,0,WARNING
1769707875.0763679,9.18,0.0,0.23,1,0,WARNING
1769707875.1242764,8.63,0.0,0.23,1,0,WARNING
1769707875.1388652,8.54,0.0,0.23,1,0,WARNING
1769707875.1756468,8.35,0.0,0.22,1,0,WARNING
1769707875.2234898,7.95,0.0,0.23,1,0,WARNING
1769707875.2411065,7.87,0.0,0.22,1,0,WARNING
1769707875.2636304,7.2,0.0,0.23,1,0,WARNING
1769707875.3147492,6.3,0.0,0.23,1,0,WARNING
1769707875.3399098,6.56,0.0,0.23,1,0,WARNING
1769707875.3764584,6.04,0.0,0.23,1,0,WARNING
1769707875.4244645,5.97,0.0,0.23,1,0,WARNING
1769707875.4429855,5.99,0.0,0.23,1,0,WARNING
1769707875.472896,4.04,0.0,0.23,1,0,WARNING
1769707875.5207274,3.29,0.0,0.23,1,0,WARNING
1769707875.5385377,2.82,0.02,0.23,1,0,DROWSY
1769707876.5606923,7.94,0.02,0.23,1,0,WARNING
1769707876.5781834,7.78,0.02,0.23,1,0,WARNING
1769707876.5919473,7.64,0.02,0.23,1,0,WARNING
1769707876.6106122,7.64,0.02,0.23,1,0,WARNING
1769707876.6286027,7.9,0.02,0.23,1,0,WARNING
1769707876.6582375,7.79,0.02,0.23,1,0,WARNING
1769707876.6785345,7.66,0.02,0.23,1,0,WARNING
1769707876.708607,7.64,0.02,0.23,1,0,WARNING
1769707876.777398,7.91,0.02,0.23,1,0,WARNING
1769707876.7975054,8.13,0.02,0.23,1,0,WARNING
1769707876.8204112,8.62,0.02,0.23,1,0,WARNING
1769707876.8386621,8.25,0.02,0.23,1,0,WARNING
1769707876.8676105,8.27,0.02,0.23,1,0,WARNING
1769707876.9173765,7.75,0.02,0.23,1,0,WARNING
1769707876.9677706,7.54,0.02,0.22,1,0,WARNING
1769707876.9797647,7.39,0.02,0.22,1,0,WARNING
1769707877.007625,7.33,0.02,0.23,1,0,WARNING
1769707877.057934,7.48,0.02,0.23,1,0,WARNING
1769707877.076925,7.47,0.02,0.23,1,0,WARNING
1769707877.107983,7.55,0.02,0.23,1,0,WARNING
1769707877.149788,8.04,0.02,0.23,1,0,WARNING
1769707877.167949,7.87,0.02,0.23,1,0,WARNING
1769707877.2163658,5.36,0.02,0.23,1,0,WARNING
1769707877.266861,6.08,0.02,0.23,1,0,WARNING
1769707877.285216,5.65,0.02,0.23,1,0,WARNING
1769707877.31306,6.93,0.02,0.23,1,0,WARNING
1769707877.3615363,7.41,0.02,0.23,1,0,WARNING
1769707877.378937,7.36,0.02,0.23,1,0,WARNING
1769707877.4152539,7.74,0.02,0.23,1,0,WARNING
1769707877.4573038,7.97,0.02,0.23,1,0,WARNING
1769707877.4890518,7.96,0.02,0.23,1,0,WARNING
1769707877.5094843,8.22,0.02,0.23,1,0,WARNING
1769707877.5545492,8.2,0.02,0.22,1,0,WARNING
1769707877.5730238,8.29,0.02,0.23,1,0,WARNING
1769707877.6032786,8.66,0.02,0.23,1,0,WARNING
1769707877.6652398,9.04,0.02,0.23,1,0,WARNING
1769707877.6824715,8.83,0.02,0.23,1,0,WARNING
1769707877.7181513,8.88,0.02,0.23,1,0,WARNING
1769707877.7608778,9.21,0.02,0.23,1,0,WARNING
1769707877.7799647,9.05,0.02,0.23,1,0,WARNING
1769707877.8089178,8.74,0.02,0.22,1,0,WARNING
1769707877.8569298,9.13,0.02,0.23,1,0,WARNING
1769707877.8746507,8.87,0.02,0.23,1,0,WARNING
1769707877.9041114,8.8,0.02,0.23,1,0,WARNING
1769707877.9526017,8.82,0.02,0.23,1,0,WARNING
1769707877.971799,8.88,0.02,0.23,1,0,WARNING
1769707878.0022423,8.83,0.02,0.23,1,0,WARNING
1769707878.0509496,9.09,0.02,0.23,1,0,WARNING
1769707878.07869,9.13,0.02,0.23,1,0,WARNING
1769707878.1127734,9.11,0.02,0.22,1,0,WARNING
1769707878.162308,9.3,0.02,0.23,1,0,WARNING
1769707878.1808746,9.12,0.02,0.23,1,0,WARNING
1769707878.2085714,9.6,0.02,0.23,1,0,WARNING
1769707878.2570114,8.66,0.02,0.23,1,0,WARNING
1769707878.2747614,8.33,0.02,0.23,1,0,WARNING
1769707878.3124795,7.34,0.02,0.23,1,0,WARNING
1769707878.357679,5.95,0.02,0.23,1,0,WARNING
1769707878.370137,6.54,0.02,0.23,1,0,WARNING
1769707878.4088426,5.09,0.02,0.23,1,0,WARNING
1769707878.4494574,8.72,0.0,0.23,1,0,WARNING
1769707878.4680867,8.0,0.0,0.22,1,0,WARNING
1769707878.5030615,7.49,0.0,0.22,1,0,WARNING
1769707878.8038204,4.29,0.0,0.23,1,0,WARNING
1769707878.8526795,7.68,0.0,0.23,1,0,WARNING
1769707878.8692715,7.21,0.0,0.23,1,0,WARNING
1769707878.9037776,6.11,0.0,0.23,1,0,WARNING
1769707878.9462008,8.37,0.0,0.23,1,0,WARNING
1769707879.0139134,6.08,0.0,0.24,1,0,WARNING
1769707879.0284083,6.41,0.0,0.23,1,0,WARNING
1769707879.0611155,6.91,0.0,0.22,1,0,WARNING
1769707879.0765662,7.48,0.0,0.22,1,0,WARNING
1769707879.1063058,7.83,0.0,0.23,1,0,WARNING
1769707879.1538732,9.29,0.0,0.23,1,0,WARNING
1769707879.1814282,9.42,0.0,0.23,1,0,WARNING
1769707879.2041674,9.9,0.0,0.23,1,0,WARNING
1769707879.2483888,9.42,0.0,0.23,1,0,WARNING
1769707879.2674704,9.72,0.0,0.23,1,0,WARNING
1769707879.2970188,9.99,0.0,0.23,1,0,WARNING
1769707879.3456066,9.58,0.0,0.23,1,0,WARNING
1769707879.4048452,9.2,0.0,0.23,1,0,WARNING
1769707879.4155288,9.26,0.0,0.22,1,0,WARNING
1769707879.4418454,9.0,0.0,0.23,1,0,WARNING
1769707879.5054092,9.04,0.0,0.23,1,0,WARNING
1769707879.5309904,9.21,0.0,0.22,1,0,WARNING
1769707879.5530849,8.87,0.0,0.23,1,0,WARNING
1769707879.571657,8.91,0.0,0.23,1,0,WARNING
1769707879.6056259,9.06,0.0,0.23,1,0,WARNING
1769707879.6579976,9.08,0.0,0.23,1,0,WARNING
1769707879.6701934,8.99,0.0,0.23,1,0,WARNING
1769707879.6950848,9.15,0.0,0.23,1,0,WARNING
1769707879.7469013,9.08,0.0,0.23,1,0,WARNING
1769707879.8000987,9.06,0.0,0.22,1,0,WARNING
1769707879.8062775,9.43,0.0,0.22,1,0,WARNING
1769707879.842169,9.04,0.0,0.22,1,0,WARNING
1769707879.8984869,8.88,0.0,0.22,1,0,WARNING
1769707879.9063222,9.07,0.0,0.22,1,0,WARNING
1769707879.953149,8.79,0.0,0.23,1,0,WARNING
1769707880.0064414,8.81,0.0,0.23,1,0,WARNING
1769707880.026966,8.65,0.0,0.22,1,0,WARNING
1769707880.049108,8.63,0.0,0.23,1,0,WARNING
1769707880.064928,8.74,0.0,0.23,1,0,WARNING
1769707880.1066556,8.61,0.0,0.23,1,0,WARNING
1769707880.157942,8.61,0.0,0.23,1,0,WARNING
1769707880.195397,8.47,0.0,0.23,1,0,WARNING
1769707880.2005322,8.8,0.0,0.23,1,0,WARNING
1769707880.2450867,8.59,0.0,0.23,1,0,WARNING
1769707880.2869222,8.86,0.0,0.23,1,0,WARNING
1769707880.2958245,8.94,0.0,0.23,1,0,WARNING
1769707880.3441646,8.77,0.0,0.22,1,0,WARNING
1769707880.4050648,9.01,0.0,0.23,1,0,WARNING
1769707880.4202862,9.19,0.0,0.23,1,0,WARNING
1769707880.449024,9.29,0.0,0.23,1,0,WARNING
1769707880.4706295,9.43,0.0,0.23,1,0,WARNING
1769707880.497105,9.34,0.0,0.23,1,0,WARNING
1769707880.5449784,9.38,0.0,0.23,1,0,WARNING
1769707880.5934987,8.99,0.0,0.23,1,0,WARNING
1769707880.6084921,9.16,0.0,0.23,1,0,WARNING
1769707880.6413832,8.77,0.0,0.23,1,0,WARNING
1769707880.690066,8.51,0.0,0.23,1,0,WARNING
1769707880.7087557,8.57,0.0,0.23,1,0,WARNING
1769707880.7375495,8.52,0.0,0.23,1,0,WARNING
1769707880.7838573,8.37,0.0,0.23,1,0,WARNING
1769707880.793507,8.18,0.0,0.23,1,0,WARNING
1769707880.8564825,8.14,0.0,0.23,1,0,WARNING
1769707880.9040918,8.22,0.0,0.22,1,0,WARNING
1769707880.9093761,8.2,0.0,0.22,1,0,WARNING
1769707880.9448202,8.09,0.0,0.22,1,0,WARNING
1769707880.9924645,7.89,0.0,0.23,1,0,WARNING
1769707881.005056,7.93,0.0,0.23,1,0,WARNING
1769707881.0410569,7.91,0.0,0.23,1,0,WARNING
1769707881.0921519,8.05,0.0,0.22,1,0,WARNING
1769707881.1099396,7.94,0.0,0.22,1,0,WARNING
1769707881.1368325,8.14,0.0,0.22,1,0,WARNING
1769707881.1845791,7.95,0.0,0.23,1,0,WARNING
1769707881.1939263,7.96,0.0,0.23,1,0,WARNING
1769707881.2353911,7.98,0.0,0.23,1,0,WARNING
1769707881.2947652,7.9,0.0,0.22,1,0,WARNING
1769707881.3129282,7.86,0.0,0.22,1,0,WARNING
1769707881.3455858,7.69,0.0,0.22,1,0,WARNING
1769707881.3907013,7.69,0.0,0.23,1,0,WARNING
1769707881.4109063,7.64,0.0,0.23,1,0,WARNING
1769707881.440532,7.72,0.0,0.23,1,0,WARNING
1769707881.4927297,6.7,0.0,0.23,1,0,WARNING
1769707881.5130005,6.72,0.0,0.23,1,0,WARNING
1769707881.6868112,7.31,0.0,0.22,1,0,WARNING
1769707881.7383695,7.69,0.0,0.23,1,0,WARNING
1769707881.750101,7.62,0.0,0.23,1,0,WARNING
1769707881.771036,7.82,0.0,0.22,1,0,WARNING
1769707881.7987716,7.82,0.0,0.23,1,0,WARNING
1769707881.8128924,7.83,0.0,0.23,1,0,WARNING
1769707881.847478,7.95,0.0,0.22,1,0,WARNING
1769707881.896613,8.03,0.0,0.22,1,0,WARNING
1769707881.911825,7.8,0.0,0.22,1,0,WARNING
1769707881.937797,8.09,0.0,0.23,1,0,WARNING
1769707881.981545,8.0,0.0,0.23,1,0,WARNING
1769707882.0037866,8.09,0.0,0.22,1,0,WARNING
1769707882.034999,8.28,0.0,0.22,1,0,WARNING
1769707882.0840921,8.57,0.0,0.23,1,0,WARNING
1769707882.0910485,8.46,0.0,0.22,1,0,WARNING
1769707882.1291444,8.65,0.0,0.23,1,0,WARNING
1769707882.2041202,8.63,0.0,0.23,1,0,WARNING
1769707882.2414057,8.46,0.0,0.23,1,0,WARNING
1769707882.2634299,8.6,0.0,0.23,1,0,WARNING
1769707882.285863,8.41,0.0,0.23,1,0,WARNING
1769707882.308267,8.27,0.0,0.23,1,0,WARNING
1769707882.3343866,8.18,0.0,0.23,1,0,WARNING
1769707882.383258,8.07,0.0,0.23,1,0,WARNING
1769707882.4009523,8.18,0.0,0.23,1,0,WARNING
1769707882.4324167,8.19,0.0,0.23,1,0,WARNING
1769707882.4826832,8.14,0.0,0.23,1,0,WARNING
1769707882.50778,7.99,0.0,0.23,1,0,WARNING
1769707882.5278966,8.11,0.0,0.23,1,0,WARNING
1769707882.5801327,8.16,0.0,0.23,1,0,WARNING
1769707882.6260507,8.25,0.0,0.23,1,0,WARNING
1769707882.6391876,8.52,0.0,0.23,1,0,WARNING
1769707882.70784,8.17,0.0,0.23,1,0,WARNING
1769707882.7313015,8.1,0.0,0.23,1,0,WARNING
1769707882.7591743,7.94,0.0,0.23,1,0,WARNING
1769707882.7928052,8.9,0.0,0.23,1,0,WARNING
1769707882.813658,8.77,0.0,0.23,1,0,WARNING
1769707882.8375092,8.57,0.0,0.23,1,0,WARNING
1769707882.8811045,7.98,0.0,0.23,1,0,WARNING
1769707882.9241679,8.22,0.0,0.23,1,0,WARNING
1769707882.9427252,7.92,0.0,0.23,1,0,WARNING
1769707882.9811134,7.41,0.0,0.23,1,0,WARNING
1769707883.026529,6.69,0.0,0.23,1,0,WARNING
1769707883.0446272,7.68,0.0,0.23,1,0,WARNING
1769707883.074065,7.08,0.0,0.24,1,0,WARNING
1769707883.1397598,7.22,0.0,0.23,1,0,WARNING
1769707883.1508093,8.13,0.0,0.23,1,0,WARNING
1769707883.1840756,7.34,0.0,0.23,1,0,WARNING
1769707883.202145,7.48,0.0,0.23,1,0,WARNING
1769707883.2467828,7.84,0.0,0.23,1,0,WARNING
1769707883.2819045,7.7,0.0,0.23,1,0,WARNING
1769707883.3002906,7.48,0.0,0.23,1,0,WARNING
1769707883.3263211,7.61,0.0,0.23,1,0,WARNING
1769707883.3773987,7.23,0.0,0.23,1,0,WARNING
1769707883.4302208,7.48,0.0,0.23,1,0,WARNING
1769707883.4478097,7.81,0.0,0.23,1,0,WARNING
1769707883.4795847,8.0,0.0,0.23,1,0,WARNING
1769707883.5269475,7.58,0.0,0.23,1,0,WARNING
1769707883.539562,7.97,0.0,0.23,1,0,WARNING
1769707883.5823379,7.89,0.0,0.23,1,0,WARNING
1769707883.6301937,8.05,0.0,0.23,1,0,WARNING
1769707883.6563895,8.16,0.0,0.23,1,0,WARNING
1769707883.687339,7.77,0.0,0.23,1,0,WARNING
1769707883.716217,8.06,0.0,0.23,1,0,WARNING
1769707883.7426076,7.73,0.0,0.23,1,0,WARNING
1769707883.7872193,7.92,0.0,0.23,1,0,WARNING
1769707883.8259358,7.63,0.0,0.23,1,0,WARNING
1769707883.8429024,7.45,0.0,0.23,1,0,WARNING
1769707883.8778715,6.99,0.0,0.23,1,0,WARNING
1769707883.9205487,7.08,0.0,0.23,1,0,WARNING
1769707883.9380152,7.18,0.0,0.23,1,0,WARNING
1769707883.9703183,6.64,0.0,0.23,1,0,WARNING
1769707884.0375853,7.04,0.0,0.23,1,0,WARNING
1769707884.078799,6.53,0.0,0.23,1,0,WARNING
1769707884.1049461,7.12,0.0,0.23,1,0,WARNING
1769707884.1215026,6.99,0.0,0.23,1,0,WARNING
1769707884.1405244,7.36,0.0,0.23,1,0,WARNING
1769707884.1780684,7.64,0.0,0.23,1,0,WARNING
1769707884.2267902,8.59,0.0,0.23,1,0,WARNING
1769707884.2406602,8.38,0.0,0.23,1,0,WARNING
1769707884.2727935,9.91,0.0,0.23,1,0,WARNING
1769707884.3303804,10.41,0.0,0.23,1,0,WARNING
1769707884.338376,9.68,0.0,0.23,1,0,WARNING
